{
    "Single_Model": {
        "Engagement": 0.35387973506188225,
        "Boredom": 0.28567281774828945,
        "Confusion": 0.5672283800664616,
        "Frustration": 0.6847322106149669
    },
    "Ensemble": {
        "Engagement": 0.4211723825656396,
        "Boredom": 0.28567281774828945,
        "Confusion": 0.5672283800664616,
        "Frustration": 0.6847322106149669
    }
}