{
    "Single_Model": {
        "Engagement": 0.44645689869110516,
        "Boredom": 0.3522777639097201,
        "Confusion": 0.5417640046092408,
        "Frustration": 0.642677910464774
    },
    "Ensemble": {
        "Engagement": 0.48118034754980044,
        "Boredom": 0.3430171526247553,
        "Confusion": 0.6120284241504257,
        "Frustration": 0.691238985847789
    }
}